Reference;Qty;Value;DNP;Exclude from BOM;Exclude from Board;Footprint;Datasheet
BT1;1;18650 3.7V;;;;Connector_Wire:SolderWire-0.75sqmm_1x02_P4.8mm_D1.25mm_OD2.3mm;
C1,C2;2;4.7µF;;;;Capacitor_SMD:C_0805_2012Metric;
C3,C19,C23,C24,C27,C29,C30,C31,C32,C33;10;100nF;;;;Capacitor_SMD:C_0805_2012Metric;
C4;1;1µF;;;;Capacitor_SMD:C_1206_3216Metric;
C5,C8;2;10µF;;;;Capacitor_SMD:C_0603_1608Metric;
C6,C7;2;10µF;;;;Capacitor_SMD:C_0805_2012Metric;
C9,C10,C11,C15,C16,C17,C18;7;22µF;;;;Capacitor_SMD:C_1210_3225Metric;
C12;1;10µF;;;;Capacitor_SMD:C_1210_3225Metric;
C13;1;0.1µF;;;;Capacitor_SMD:C_0805_2012Metric;
C14;1;100nF;;;;Capacitor_SMD:C_0603_1608Metric;
C20;1;47pF;;;;Capacitor_SMD:C_0805_2012Metric;
C21;1;2.2µF;;;;Capacitor_SMD:C_0805_2012Metric;
C22;1;4.7nF;;;;Capacitor_SMD:C_0805_2012Metric;
C25,C28;2;27pF;;;;Capacitor_SMD:C_0805_2012Metric;
C26;1;1µF;;;;Capacitor_SMD:C_0805_2012Metric;
D1;1;LED_Dual_KKA;;;;5BC-3-CA-F:3_PIN_CONNECTOR;
D2;1;MBRA340;;;;Diode_SMD:D_SMA;https://www.onsemi.com/pub/Collateral/MBRA340T3-D.PDF
J1;1;FTSH-105-01-X-DV-P-K-X;;;;FTSH-105-01-X-DV-P-K-X:SAMTEC_FTSH-105-01-X-DV-P-K-X;
J2;1;Conn_01x08_Pin;;;;Connector_JST:JST_EH_B8B-EH-A_1x08_P2.50mm_Vertical;
J3;1;Conn_01x04_Pin;;;;Connector_PinHeader_2.54mm:PinHeader_1x04_P2.54mm_Vertical;
L1;1;1.5µH;;;;XFL4020-152MEC:IND_XFL4020-152MEC;
L2;1;1.8µH;;;;CDMC8D28NP1R8MC:IND_CDMC8D28NP1R8MC;
P1;1;USB_C_Plug_USB2.0;;;;Connector_USB:USB_C_Receptacle_GCT_USB4105-xx-A_16P_TopMnt_Horizontal;https://www.usb.org/sites/default/files/documents/usb_type-c.zip
Q1;1;FS8205;;;;FS8205:SOT95P280X145-6N;
Q2;1;AO3400A;;;;Package_TO_SOT_SMD:SOT-23;http://www.aosmd.com/pdfs/datasheet/AO3400A.pdf
R1,R2;2;5.1k;;;;Resistor_SMD:R_0805_2012Metric;
R3;1;0;;;;Resistor_SMD:R_0805_2012Metric;
R4,R9,R10,R15,R22,R23,R25,R26,R31,R32,R34,R35;12;10k;;;;Resistor_SMD:R_0805_2012Metric;
R5,R8;2;220;;;;Resistor_SMD:R_0805_2012Metric;
R6;1;1.10k 1%;;;;Resistor_SMD:R_0805_2012Metric;
R7;1;890 1%;;;;Resistor_SMD:R_0805_2012Metric;
R11;1;470;;;;Resistor_SMD:R_0805_2012Metric;
R12,R19,R27,R28,R38;5;100k;;;;Resistor_SMD:R_0805_2012Metric;
R13;1;470k;;;;Resistor_SMD:R_0805_2012Metric;
R14;1;2k;;;;Resistor_SMD:R_0805_2012Metric;
R16;1;150k;;;;Resistor_SMD:R_0805_2012Metric;
R17;1;931k;;;;Resistor_SMD:R_0805_2012Metric;
R18;1;294k 1%;;;;Resistor_SMD:R_0805_2012Metric;
R20;1;200k;;;;Resistor_SMD:R_0805_2012Metric;
R21;1;17.4k;;;;Resistor_SMD:R_0805_2012Metric;
R24;1;33;;;;Resistor_SMD:R_0805_2012Metric;
R29;1;160k;;;;Resistor_SMD:R_0805_2012Metric;
R30;1;33k;;;;Resistor_SMD:R_0805_2012Metric;
R33,R36;2;100;;;;Resistor_SMD:R_0805_2012Metric;
R37,R39;2;0;;;;Resistor_SMD:R_1210_3225Metric;
S1;1;EC11B15242AE;;;;EC11:EC11B15242AE;https://www.farnell.com/datasheets/1837001.pdf?_gl=1*s3rpj4*_gcl_au*MTYzNzgwMTEwMS4xNzMwMTE1NDYx
SW1;1;SW_SPST;;;;Connector_JST:JST_EH_B2B-EH-A_1x02_P2.50mm_Vertical;
TP1;1;TestPoint;;;;TestPoint:TestPoint_Pad_1.0x1.0mm;
TP2,TP3,TP4;3;TestPoint;;;;TestPoint:TestPoint_Pad_D1.0mm;
U1;1;BQ24074RGT;;;;Package_DFN_QFN:VQFN-16-1EP_3x3mm_P0.5mm_EP1.6x1.6mm;http://www.ti.com/lit/ds/symlink/bq24074.pdf
U2;1;USBLC6-2P6;;;;Package_TO_SOT_SMD:SOT-666;https://www.st.com/resource/en/datasheet/usblc6-2.pdf
U3;1;DW01A;;;;Package_TO_SOT_SMD:SOT-23-6;https://hmsemi.com/downfile/DW01A.PDF
U4;1;TPS63070RNMR;;;;TPS63070RNMR:VREG_TPS63070RNMR;
U5;1;TPS61089;;;;Package_DFN_QFN:Texas_VQFN-RNR0011A-11;http://www.ti.com/lit/ds/symlink/tps61089.pdf
U6;1;BME680;;;;Package_LGA:Bosch_LGA-8_3x3mm_P0.8mm_ClockwisePinNumbering;https://ae-bst.resource.bosch.com/media/_tech/media/datasheets/BST-BME680-DS001.pdf
U7;1;STM32G431KBTx;;;;Package_QFP:LQFP-32_7x7mm_P0.8mm;https://www.st.com/resource/en/datasheet/stm32g431kb.pdf
U8;1;OPA2994xD;;;;Package_SO:SOIC-8_3.9x4.9mm_P1.27mm;https://www.ti.com/lit/ds/symlink/opa2994.pdf
Y1;1;ABM 8.000MHz;;;;Crystal:Crystal_SMD_Abracon_ABM3-2Pin_5.0x3.2mm_HandSoldering;
