Designator,Footprint,Quantity,Value,LCSC Part #
"C1, C2",0805,2,4.7µF,
"C10, C11, C15, C16, C17, C18, C9",1210,7,22µF,
C12,1210,1,10µF,
C13,0805,1,0.1µF,
C14,0603,1,100nF,
"C19, C23, C24, C27, C29, C3, C30, C31, C32, C33",0805,10,100nF,
C20,0805,1,47pF,
C21,0805,1,2.2µF,
C22,0805,1,4.7nF,
"C25, C28",0805,2,27pF,
C26,0805,1,1µF,
C4,1206,1,1µF,
"C5, C8",0603,2,10µF,
"C6, C7",0805,2,10µF,
D1,1206,1,LED VERTE,
D2,1206,1,LED ROUGE,
D3,D_SMA,1,MBRA340,
J1,SAMTEC_FTSH-105-01-X-DV-P-K-X,1,FTSH-105-01-X-DV-P-K-X,
J2,JST_EH_B8B-EH-A_1x08_P2.50mm_Vertical,1,Conn_01x08_Pin,
J3,PinHeader_1x04_P2.54mm_Vertical,1,Conn_01x04_Pin,
L1,IND_XFL4020-152MEC,1,1.5µH,
L2,IND_CDMC8D28NP1R8MC,1,1.8µH,
P1,USB_C_Receptacle_GCT_USB4105-xx-A_16P_TopMnt_Horizontal,1,USB_C_Plug_USB2.0,
Q1,SOT95P280X145-6N,1,FS8205,
Q2,SOT-23,1,AO3400A,
"R1, R2",0805,2,5.1k,
"R10, R15, R22, R23, R25, R26, R31, R32, R34, R35, R4, R9",0805,12,10k,
R11,0805,1,470,
"R12, R19, R27, R28, R38",0805,5,100k,
R13,0805,1,470k,
R14,0805,1,2k,
R16,0805,1,150k,
R17,0805,1,931k,
R18,0805,1,294k 1%,
R20,0805,1,200k,
R21,0805,1,17.4k,
R24,0805,1,33,
R29,0805,1,160k,
R3,0805,1,0,
R30,0805,1,33k,
"R33, R36",0805,2,100,
"R37, R39",1210,2,0,
"R5, R8",0805,2,220,
R6,0805,1,1.10k 1%,
R7,0805,1,890 1%,
U1,VQFN-16-1EP_3x3mm_P0.5mm_EP1.6x1.6mm,1,BQ24074RGT,
U2,SOT-666,1,USBLC6-2P6,
U3,SOT-23-6,1,DW01A,
U4,VREG_TPS63070RNMR,1,TPS63070RNMR,
U5,Texas_VQFN-RNR0011A-11,1,TPS61089,
U6,Bosch_LGA-8_3x3mm_P0.8mm_ClockwisePinNumbering,1,BME680,
U7,LQFP-32_7x7mm_P0.8mm,1,STM32G431KBTx,
U8,SOIC-8_3.9x4.9mm_P1.27mm,1,OPA2994xD,
Y1,Crystal_SMD_Abracon_ABM3-2Pin_5.0x3.2mm_HandSoldering,1,ABM 8.000MHz,
