Designator,Mid X,Mid Y,Rotation,Layer
BT1,189.825,-68.5375,90.0,top
C1,213.35,-66.7,0.0,top
C10,203.7,-107.175,270.0,top
C11,199.45,-107.175,270.0,top
C12,196.725,-63.05,0.0,top
C13,198.0,-69.0,90.0,top
C14,214.6,-101.5,90.0,top
C15,188.1,-91.775,90.0,top
C16,192.35,-91.775,90.0,top
C17,196.6,-91.775,90.0,top
C18,208.725,-81.25,180.0,top
C19,208.3,-93.95,270.0,top
C2,213.9,-76.2,270.0,top
C20,195.9,-87.7,180.0,top
C21,208.35,-86.0,90.0,top
C22,195.9,-84.55,180.0,top
C23,182.5,-105.75,0.0,top
C24,172.975,-91.175,90.0,top
C25,169.75,-95.3,270.0,top
C26,133.6,-108.425,90.0,top
C27,135.95,-108.425,90.0,top
C28,169.75,-101.2,90.0,top
C29,151.75,-107.0,180.0,top
C3,207.25,-69.6,90.0,top
C30,160.05,-114.1825,270.0,top
C31,143.9,-113.0325,270.0,top
C32,166.0,-112.35,270.0,top
C33,155.4,-90.35,180.0,top
C4,204.2,-69.225,90.0,top
C5,212.7,-108.5,180.0,top
C6,224.2,-107.25,270.0,top
C7,221.5,-107.25,270.0,top
C8,217.1,-108.5,0.0,top
C9,207.95,-107.175,270.0,top
D1,222.7,-73.9,0.0,top
D2,222.7,-69.9,0.0,top
D3,141.5,-98.1625,270.0,top
H1,222.25,-55.0,0.0,top
H2,222.25,-115.0,0.0,top
H3,187.5,-55.0,0.0,top
H4,130.0,-115.0,0.0,top
H5,130.0,-87.5,0.0,top
J1,186.9,-84.0,180.0,top
J2,163.1,-86.2,180.0,top
J3,141.33,-85.9,90.0,top
L1,214.885,-112.3,180.0,top
L2,217.0,-86.1,270.0,top
P1,205.0,-53.65,180.0,top
Q1,199.45,-74.2825,270.0,top
Q2,149.04,-97.2125,0.0,top
R1,210.0,-59.6,0.0,top
R10,217.0,-65.825,270.0,top
R11,195.45,-69.0,270.0,top
R12,209.9625,-97.95,0.0,top
R13,209.9625,-102.5,0.0,top
R14,196.6375,-78.5375,0.0,top
R15,220.8125,-104.4,0.0,top
R16,209.9625,-100.25,0.0,top
R17,202.5,-86.7,270.0,top
R18,208.3,-89.9125,90.0,top
R19,204.75,-86.7,90.0,top
R2,200.0875,-59.6,180.0,top
R20,202.6,-96.3125,270.0,top
R21,199.2,-86.5375,90.0,top
R22,199.55,-96.2375,270.0,top
R23,149.0,-90.2,180.0,top
R24,181.7,-88.9,270.0,top
R25,168.4,-90.4,180.0,top
R26,137.0,-104.975,180.0,top
R27,157.555635,-114.1625,90.0,top
R28,146.4,-109.2375,270.0,top
R29,157.55,-110.3875,90.0,top
R3,203.45,-74.4125,90.0,top
R30,146.385,-113.0125,270.0,top
R31,169.525,-112.4625,270.0,top
R32,169.425,-108.2125,90.0,top
R33,166.025,-108.2625,90.0,top
R34,172.7,-108.3,270.0,top
R35,145.0,-98.4125,90.0,top
R36,155.15,-97.5,270.0,top
R37,134.0,-99.5375,270.0,top
R38,152.75,-97.5,90.0,top
R39,129.95,-99.6125,90.0,top
R4,209.7875,-75.45,180.0,top
R5,217.0,-73.8125,90.0,top
R6,208.0375,-65.8,0.0,top
R7,206.05,-74.4125,90.0,top
R8,217.0,-69.75,270.0,top
R9,217.0,-77.5,90.0,top
S1,187.25,-111.3,270.0,top
SW1,223.125,-98.225,90.0,top
TP1,196.75,-55.5,0.0,top
TP2,189.75,-75.5,0.0,top
TP3,203.6,-102.0,0.0,top
TP4,192.5,-96.5,180.0,top
U1,212.3,-71.4625,90.0,top
U2,204.85,-62.2875,180.0,top
U3,195.3375,-74.2375,270.0,top
U4,214.9,-105.425,270.0,top
U5,202.84,-91.5,270.0,top
U6,139.3,-108.4875,90.0,top
U7,179.325,-98.1,270.0,top
U8,151.9,-111.1,270.0,top
Y1,166.0,-98.2625,90.0,top
